<?xml version="1.0" encoding="UTF-8"?>
<!DOCTYPE mapper
  PUBLIC "-//mybatis.org//DTD Mapper 3.0//EN"
  "http://mybatis.org/dtd/mybatis-3-mapper.dtd">
<mapper namespace="board">
	<insert id = "insert" parameterType = "board">
		insert into board(title,content,id) 
		values(#{title},#{content},#{id})
	</insert>
	<update id="update" parameterType="board">
		update board set title = #{title} ,  content = #{content}, id = #{id} where num = #{num}
	</update>
	<delete id="delete" parameterType="int">
		delete from board where num = #{num}
	</delete>
	<select id="selectlist" resultType="board">
		select num, title, content, id from board 
	</select>
	<select id="selectone" parameterType="int" resultType="board">
		select num, title, content,id from board where num = #{num}
	</select>
</mapper>