<?xml version="1.0" encoding="UTF-8"?>
<!DOCTYPE mapper
  PUBLIC "-//mybatis.org//DTD Mapper 3.0//EN"
  "http://mybatis.org/dtd/mybatis-3-mapper.dtd">
<mapper namespace="cart">
	<select id="selectcart" parameterType="member"  resultType="int">
		select code from food as f join cart as c on c.foodid = f.code where c.userid= #{id};
	</select>
	<select id="selectcartid" parameterType="member"  resultType="cart">
		select * from cart where userid= #{id};
	</select>
	<select id="selectlist" resultType="cart">
		select * from cart
	</select>	
	<insert id="insertcart" parameterType="cart">
		insert into cart(userid, foodid, amount) values(#{userid},#{foodid},#{amount});	
	</insert>
	
	<delete id="deletecart" parameterType="int">
		delete from cart where cartid = #{cartid}
	</delete>
	
	<update id="updatecart" parameterType="cart">
		update cart set amount = #{amount} where foodid = #{foodid} and userid = #{userid}	 
	</update>
	
</mapper>