<?xml version="1.0" encoding="UTF-8"?>
<!DOCTYPE mapper
  PUBLIC "-//mybatis.org//DTD Mapper 3.0//EN"
  "http://mybatis.org/dtd/mybatis-3-mapper.dtd">
<mapper namespace="com">
	<insert id = "insert" parameterType = "com">
		insert into comment(content,id,pw,link) 
		values(#{content},#{id},#{pw},#{link})
	</insert>
	<update id="update" parameterType="com">
		update comment set content = #{content},id = #{id}, pw = #{pw} where numc = #{numc}
	</update>
	<delete id="delete" parameterType="int">
		delete from comment where numc = #{numc}
	</delete>
	<select id="selectlist" parameterType="int" resultType="com">
		select numc, content, id, pw from comment where link = #{num}
	</select>
	<select id="selectone" parameterType="int" resultType="com">
		select numc, content, id, pw from comment where numc = #{numc}
	</select>
</mapper>