<?xml version="1.0" encoding="UTF-8"?>
<!DOCTYPE mapper
  PUBLIC "-//mybatis.org//DTD Mapper 3.0//EN"
  "http://mybatis.org/dtd/mybatis-3-mapper.dtd">
<mapper namespace="sql.member">
	<select id="selectMember" resultType="member"
		parameterType="string">
		select id,pw,name,addr,email,tel,alinfo
		from memtb
		where id = #{id}
	</select>
	
	<select id="selectEmail" resultType="string"
		parameterType="string">
		select email
		from memtb
		where id = #{id}
	</select>
	
	<select id="selectPw" resultType="string"
		parameterType="string">
		select pw
		from memtb
		where id = #{id}
	</select>
	
	<select id="login" resultType="member"
		parameterType="member">
		select id, pw, name, email
		from memtb
		where id = #{id} and pw = #{pw}
	</select>
	
	<insert id="insertMember" parameterType="member">
		insert into memtb(id,pw,name,addr,email,tel,alinfo)
		values(#{id}, #{pw}, #{name},#{addr},#{email},#{tel},#{alinfo})
	</insert>
	
	<select id="selectMembers" resultType="member">
		select id,pw,name,addr,email,tel,alinfo
		from memtb
		order by id
	</select>
	<update id="updateMember" parameterType="member">
		update memtb set pw = #{pw}, name = #{name}, email = #{email}, tel = #{tel}, alinfo= #{alinfo} where id =
		#{id}
	</update>
	<delete id="deleteMember" parameterType="string">
		delete from memtb where id = #{id}
	</delete>

	<select id="selectif" parameterType="string" resultType="member">
		select id, name, email
		from memtb
		where 1 = 1
		<if test="name != null">
			and where name = #{name}
		</if>
		<if test="id != null">
			and id = #{id}
		</if>
	</select>
	<select id="selectchoose" parameterType="string"
		resultType="member">
		select id, name, email
		from memtb
		<where>
			<choose>
				<when test="name != null">
					and name = #{name}
				</when>
				<when test="name == 홍길동">
					and id = 1
				</when>
				<otherwise>
					and id = 2
				</otherwise>
			</choose>
		</where>
	</select>
	<select id="selectjoin">
		select a.id, a.name, a.email, b.id, b.name, b.pw
		from memtb a join memtb b on(a.id == b.id)
	</select>

</mapper>