<?xml version="1.0" encoding="UTF-8"?>
<!DOCTYPE configuration
  PUBLIC "-//mybatis.org//DTD Config 3.0//EN"
  "http://mybatis.org/dtd/mybatis-3-config.dtd">
<configuration>
  <typeAliases>
  	<typeAlias type="edu.ssafy.food.dto.MemVO" alias="member"/>
  	<typeAlias type="edu.ssafy.food.dto.FoodVO" alias="food"/>
  	<typeAlias type="edu.ssafy.food.dto.QnaVO" alias="qna"/>
  	<typeAlias type="edu.ssafy.food.dto.BoardVO" alias="board"/>
  	<typeAlias type="edu.ssafy.food.dto.ComVO" alias="com"/>
  	<typeAlias type="edu.ssafy.food.dto.CartVO" alias="cart"/>
  </typeAliases>
  <mappers>
    <mapper resource="mybatis/member_sql.xml"/>
    <mapper resource="mybatis/food_sql.xml"/>
    <mapper resource="mybatis/Qna_sql.xml"/>
    <mapper resource="mybatis/board_sql.xml"/>
    <mapper resource="mybatis/com_sql.xml"/>
    <mapper resource="mybatis/cart_sql.xml"/>
    <!-- <mapper resource="mybatis/member_sql.xml"/> -->
  </mappers>
</configuration>