<?xml version="1.0" encoding="UTF-8"?>
<!DOCTYPE mapper
  PUBLIC "-//mybatis.org//DTD Mapper 3.0//EN"
  "http://mybatis.org/dtd/mybatis-3-mapper.dtd">
<mapper namespace="qna">
	<insert id = "insert" parameterType = "qna">
		insert into qna(title,content,id,pw) 
		values(#{title},#{content},#{id},#{pw})
	</insert>
	<select id="selectpw" parameterType="string" resultType="qna">
		select select num, title, content,id from qna where pw=#{pw}
	</select>
	<update id="update" parameterType="qna">
		update qna set title = #{title} ,  content = #{content}, id = #{id}, pw = #{pw} where num = #{num}
	</update>
	<delete id="delete" parameterType="int">
		delete from qna where num = #{num}
	</delete>
	<select id="selectlist" resultType="qna">
		select num, title, content, id from qna 
	</select>
	<select id="selectone" parameterType="int" resultType="qna">
		select * from qna where num = #{num}
	</select>
</mapper>